{"playerHealth":10.0,"playerAmmo":[27.0,500.0],"playerPoint":{"x":8.601980209350586,"y":1.6867049932479859,"z":0.0}}