{"playerHealth":9.0,"playerAmmo":[18.0,500.0],"playerPoint":{"x":9.971627235412598,"y":4.749211311340332,"z":0.0}}