{"playerHealth":99.0,"playerAmmo":[30.0,500.0],"playerPoint":{"x":40.296142578125,"y":-1.9492079019546509,"z":0.0}}